{
    "pays": [
        {
            "name": "546",
            "price": "456",
            "tags": [
                "ТПлюс",
                "Водоканал"
            ],
            "time": 1727623844
        },
        {
            "name": "15.11",
            "price": "1500",
            "tags": [
                "Шевченко 83",
                "Электроэнергия"
            ],
            "time": 1731777833
        },
        {
            "name": "Капремонт",
            "price": "3000",
            "tags": [
                "Капремонт"
            ],
            "time": 1731778026
        },
        {
            "name": "Энергосбыт 3.11",
            "price": "3000",
            "tags": [
                "Шевченко 83",
                "Электроэнергия"
            ],
            "time": 1731778099
        },
        {
            "name": "Кап ремонт 12.11",
            "price": "700",
            "tags": [
                "Шевченко 83",
                "Капремонт"
            ],
            "time": 1731778122
        },
        {
            "name": "Кап ремонт 12.11",
            "price": "366,03",
            "tags": [
                "Шевченко 83",
                "Капремонт"
            ],
            "time": 1731778130
        },
        {
            "name": "Кап ремонт 12.11",
            "price": "792,23",
            "tags": [
                "Шевченко 83",
                "Капремонт"
            ],
            "time": 1731778153
        }
    ],
    "tags": [
        {
            "Шевченко 83": "#2f4a37"
        },
        {
            "Деревня": "#9e4f16"
        },
        {
            "ТПлюс": "#695873"
        },
        {
            "Мусор": "#6E6554"
        },
        {
            "Электроэнергия": "#6B967F"
        },
        {
            "Газ": "#732A2F"
        },
        {
            "Водоканал": "#2e4669"
        },
        {
            "ЦОП": "#EBB95E"
        },
        {
            "Капремонт": "#997000"
        }
    ]
}